-- MySQL dump 10.13  Distrib 8.0.31, for Linux (x86_64)
--
-- Host: localhost    Database: wtbroker
-- ------------------------------------------------------
-- Server version       8.0.31

/*!40101 SET @OLD_CHARACTER_SET_CLIENT=@@CHARACTER_SET_CLIENT */;
/*!40101 SET @OLD_CHARACTER_SET_RESULTS=@@CHARACTER_SET_RESULTS */;
/*!40101 SET @OLD_COLLATION_CONNECTION=@@COLLATION_CONNECTION */;
/*!50503 SET NAMES utf8mb4 */;
/*!40103 SET @OLD_TIME_ZONE=@@TIME_ZONE */;
/*!40103 SET TIME_ZONE='+00:00' */;
/*!40014 SET @OLD_UNIQUE_CHECKS=@@UNIQUE_CHECKS, UNIQUE_CHECKS=0 */;
/*!40014 SET @OLD_FOREIGN_KEY_CHECKS=@@FOREIGN_KEY_CHECKS, FOREIGN_KEY_CHECKS=0 */;
/*!40101 SET @OLD_SQL_MODE=@@SQL_MODE, SQL_MODE='NO_AUTO_VALUE_ON_ZERO' */;        
/*!40111 SET @OLD_SQL_NOTES=@@SQL_NOTES, SQL_NOTES=0 */;

create database wtbroker;
use wtbroker;

--
-- Table structure for table `purchases`
--

DROP TABLE IF EXISTS `purchases`;
/*!40101 SET @saved_cs_client     = @@character_set_client */;
/*!50503 SET character_set_client = utf8mb4 */;
CREATE TABLE `purchases` (
  `id` int NOT NULL AUTO_INCREMENT,
  `userid` int DEFAULT NULL,
  `s_isin` varchar(12) DEFAULT NULL,
  `type` varchar(100) DEFAULT NULL,
  `date` date DEFAULT NULL,
  `price` decimal(10,2) DEFAULT NULL,
  `quantity` int DEFAULT NULL,
  PRIMARY KEY (`id`),
  KEY `fk_userid` (`userid`),
  CONSTRAINT `fk_userid` FOREIGN KEY (`userid`) REFERENCES `users` (`id`) ON DELETE CASCADE ON UPDATE CASCADE
) ENGINE=InnoDB AUTO_INCREMENT=45 DEFAULT CHARSET=utf8mb4 COLLATE=utf8mb4_0900_ai_ci;
/*!40101 SET character_set_client = @saved_cs_client */;

--
-- Dumping data for table `purchases`
--

LOCK TABLES `purchases` WRITE;
/*!40000 ALTER TABLE `purchases` DISABLE KEYS */;
INSERT INTO `purchases` VALUES (34,2,'DE0005190003','buy','2023-01-11',92.02,92),(35,2,'DE0005552004','buy','2023-01-11',37.74,18),(36,3,'DE0005190003','buy','2023-01-11',92.02,3),(37,2,'DE0005557508','buy','2023-01-11',20.17,7),(38,2,'DE0007100000','buy','2023-01-11',68.19,3),(39,2,'DE0007100000','buy','2023-01-11',68.19,3),(40,2,'DE0007164600','buy','2023-01-11',106.66,3),(41,2,'DE0007236101','buy','2023-01-11',140.30,7),(42,4,'DE0007236101','buy','2023-01-15',142.18,3),(43,4,'DE0005190003','buy','2023-01-15',91.86,3),(44,4,'DE0007236101','sell','2023-01-19',-142.18,-3);
/*!40000 ALTER TABLE `purchases` ENABLE KEYS */;
UNLOCK TABLES;

--
-- Table structure for table `stocks`
--

DROP TABLE IF EXISTS `stocks`;
/*!40101 SET @saved_cs_client     = @@character_set_client */;
/*!50503 SET character_set_client = utf8mb4 */;
CREATE TABLE `stocks` (
  `id` int NOT NULL AUTO_INCREMENT,
  `isin` varchar(12) DEFAULT NULL,
  `name` varchar(255) CHARACTER SET utf8mb3 COLLATE utf8mb3_unicode_ci DEFAULT NULL,
  `titel` varchar(255) CHARACTER SET utf8mb3 COLLATE utf8mb3_unicode_ci DEFAULT NULL,
  `type` varchar(255) CHARACTER SET utf8mb3 COLLATE utf8mb3_unicode_ci DEFAULT NULL,
  PRIMARY KEY (`id`),
  UNIQUE KEY `isin` (`isin`)
) ENGINE=InnoDB AUTO_INCREMENT=129 DEFAULT CHARSET=utf8mb4 COLLATE=utf8mb4_0900_ai_ci;
/*!40101 SET character_set_client = @saved_cs_client */;

--
-- Dumping data for table `stocks`
--

LOCK TABLES `stocks` WRITE;
/*!40000 ALTER TABLE `stocks` DISABLE KEYS */;
INSERT INTO `stocks` VALUES (119,'DE0005190003','BAY.MOTOREN WERKE AG ST','BAYERISCHE MOTOREN WERKE AG','stock'),(120,'DE0005552004','DEUTSCHE POST AG NA O.N.','DEUTSCHE POST AG','stock'),(121,'DE0005557508','DT.TELEKOM AG NA','DEUTSCHE TELEKOM AG','stock'),(122,'DE0007100000','MERCEDES-BENZ GRP NA O.N.','MERCEDES-BENZ GROUP AG','stock'),(123,'DE0007164600','SAP SE O.N.','SAP SE','stock'),(124,'DE0007236101','SIEMENS AG NA O.N.','SIEMENS AG','stock'),(125,'DE0007664039','VOLKSWAGEN AG VZO O.N.','VOLKSWAGEN AG','stock'),(126,'DE0008404005','ALLIANZ SE NA O.N.','ALLIANZ SE','stock'),(127,'DE000BASF111','BASF SE NA O.N.','BASF SE','stock'),(128,'IE00BZ12WP82','LINDE PLC EO 0,001','LINDE PLC','stock');
/*!40000 ALTER TABLE `stocks` ENABLE KEYS */;
UNLOCK TABLES;

--
-- Table structure for table `stockvalues`
--

DROP TABLE IF EXISTS `stockvalues`;
/*!40101 SET @saved_cs_client     = @@character_set_client */;
/*!50503 SET character_set_client = utf8mb4 */;
CREATE TABLE `stockvalues` (
  `id` int NOT NULL AUTO_INCREMENT,
  `sv_isin` varchar(12) DEFAULT NULL,
  `stockprice` decimal(10,2) DEFAULT NULL,
  `currentdate` date DEFAULT NULL,
  PRIMARY KEY (`id`),
  UNIQUE KEY `day_value` (`sv_isin`,`currentdate`),
  KEY `fk_isin` (`sv_isin`),
  CONSTRAINT `fk_isin` FOREIGN KEY (`sv_isin`) REFERENCES `stocks` (`isin`) ON DELETE CASCADE ON UPDATE CASCADE
) ENGINE=InnoDB AUTO_INCREMENT=381 DEFAULT CHARSET=utf8mb4 COLLATE=utf8mb4_0900_ai_ci;
/*!40101 SET character_set_client = @saved_cs_client */;

--
-- Dumping data for table `stockvalues`
--

LOCK TABLES `stockvalues` WRITE;
/*!40000 ALTER TABLE `stockvalues` DISABLE KEYS */;
INSERT INTO `stockvalues` VALUES (263,'DE0005190003',90.89,'2023-01-10'),(264,'DE0005552004',37.87,'2023-01-10'),(265,'DE0005557508',20.05,'2023-01-10'),(266,'DE0007100000',67.83,'2023-01-10'),(267,'DE0007164600',105.36,'2023-01-10'),(268,'DE0007236101',138.74,'2023-01-10'),(269,'DE0007664039',127.70,'2023-01-10'),(270,'DE0008404005',216.60,'2023-01-10'),(271,'DE000BASF111',51.97,'2023-01-10'),(272,'IE00BZ12WP82',300.00,'2023-01-10'),(273,'DE0005190003',92.02,'2023-01-11'),(275,'DE0005552004',37.74,'2023-01-11'),(277,'DE0005557508',20.17,'2023-01-11'),(279,'DE0007100000',68.19,'2023-01-11'),(281,'DE0007164600',106.66,'2023-01-11'),(283,'DE0007236101',140.30,'2023-01-11'),(285,'DE0005190003',89.71,'2023-01-09'),(286,'DE0005552004',37.80,'2023-01-09'),(287,'DE0005557508',19.79,'2023-01-09'),(288,'DE0005557508',19.20,'2022-12-12'),(289,'DE0007100000',64.49,'2022-12-12'),(290,'DE0007164600',102.54,'2022-12-12'),(291,'DE0007236101',134.70,'2022-12-12'),(292,'DE0007664039',136.52,'2022-12-12'),(293,'DE0008404005',203.65,'2022-12-12'),(294,'DE000BASF111',46.76,'2022-12-12'),(295,'IE00BZ12WP82',318.35,'2022-12-12'),(296,'DE0005190003',84.54,'2022-12-11'),(297,'DE0005552004',38.23,'2022-12-11'),(298,'DE0005557508',19.20,'2022-12-11'),(299,'DE0008404005',203.65,'2022-12-11'),(300,'DE0007164600',104.36,'2023-01-09'),(301,'DE0005190003',82.98,'2022-12-15'),(302,'DE0005552004',36.30,'2022-12-15'),(303,'DE0005557508',18.86,'2022-12-15'),(304,'DE0007100000',62.39,'2022-12-15'),(305,'DE0007164600',99.66,'2022-12-15'),(306,'DE0007236101',127.88,'2022-12-15'),(307,'DE0007664039',135.20,'2022-12-15'),(308,'DE0008404005',198.64,'2022-12-15'),(309,'DE000BASF111',45.80,'2022-12-15'),(310,'IE00BZ12WP82',311.00,'2022-12-15'),(311,'DE0005190003',93.38,'2023-01-12'),(313,'DE0005552004',38.11,'2023-01-12'),(315,'DE0005557508',20.39,'2023-01-12'),(317,'DE0007100000',69.05,'2023-01-12'),(319,'DE0007164600',106.80,'2023-01-12'),(321,'DE0007236101',142.24,'2023-01-12'),(323,'DE0008404005',217.40,'2023-01-12'),(324,'DE0005190003',82.86,'2022-12-16'),(325,'DE0005552004',36.23,'2022-12-16'),(326,'DE0005557508',18.98,'2022-12-16'),(327,'DE0007100000',62.00,'2022-12-16'),(328,'DE0007164600',99.55,'2022-12-16'),(329,'DE0007236101',126.42,'2022-12-16'),(330,'DE0007664039',137.36,'2022-12-16'),(331,'DE0008404005',198.58,'2022-12-16'),(332,'DE000BASF111',46.06,'2022-12-16'),(333,'IE00BZ12WP82',310.00,'2022-12-16'),(334,'DE0005190003',83.64,'2022-12-26'),(335,'DE0005552004',35.20,'2022-12-26'),(336,'DE0005557508',18.96,'2022-12-26'),(337,'DE0007100000',61.75,'2022-12-26'),(338,'DE0007164600',97.46,'2022-12-26'),(339,'DE0007236101',129.24,'2022-12-26'),(340,'DE0007664039',115.92,'2022-12-26'),(341,'DE0008404005',202.90,'2022-12-26'),(342,'DE000BASF111',46.70,'2022-12-26'),(343,'IE00BZ12WP82',309.55,'2022-12-26'),(344,'DE0005190003',83.39,'2022-12-30'),(345,'DE0005552004',35.25,'2022-12-30'),(346,'DE0005557508',18.68,'2022-12-30'),(347,'DE0007100000',61.55,'2022-12-30'),(348,'DE0007164600',96.40,'2022-12-30'),(349,'DE0007236101',129.50,'2022-12-30'),(350,'DE0007664039',116.36,'2022-12-30'),(351,'DE0008404005',201.10,'2022-12-30'),(352,'DE000BASF111',46.49,'2022-12-30'),(353,'IE00BZ12WP82',305.35,'2022-12-30'),(354,'DE0005190003',83.89,'2022-12-29'),(355,'DE0005557508',19.00,'2022-12-29'),(356,'DE0007664039',127.88,'2023-01-11'),(357,'DE0008404005',215.40,'2023-01-11'),(358,'DE000BASF111',52.30,'2023-01-11'),(359,'IE00BZ12WP82',305.65,'2023-01-11'),(360,'DE0007100000',61.75,'2022-12-27'),(361,'DE0007164600',97.46,'2022-12-27'),(362,'DE0007236101',129.24,'2022-12-27'),(363,'DE0007664039',115.92,'2022-12-27'),(364,'DE0008404005',202.90,'2022-12-27'),(365,'DE000BASF111',46.70,'2022-12-27'),(366,'IE00BZ12WP82',309.55,'2022-12-27'),(367,'DE0005190003',91.86,'2023-01-15'),(369,'DE0005552004',39.01,'2023-01-15'),(371,'DE0005557508',20.53,'2023-01-15'),(372,'DE0007100000',67.32,'2023-01-15'),(373,'DE0007164600',106.46,'2023-01-15'),(374,'DE0007236101',142.18,'2023-01-15'),(375,'DE0007664039',125.70,'2023-01-15'),(376,'DE0008404005',218.25,'2023-01-15'),(377,'DE000BASF111',52.89,'2023-01-15'),(378,'IE00BZ12WP82',304.90,'2023-01-15'),(379,'DE0005190003',91.86,'2023-01-14'),(380,'DE0005552004',39.01,'2023-01-14');
/*!40000 ALTER TABLE `stockvalues` ENABLE KEYS */;
UNLOCK TABLES;

--
-- Table structure for table `users`
--

DROP TABLE IF EXISTS `users`;
/*!40101 SET @saved_cs_client     = @@character_set_client */;
/*!50503 SET character_set_client = utf8mb4 */;
CREATE TABLE `users` (
  `id` int NOT NULL AUTO_INCREMENT,
  `firstName` varchar(255) CHARACTER SET utf8mb3 COLLATE utf8mb3_unicode_ci DEFAULT NULL,
  `lastName` varchar(255) CHARACTER SET utf8mb3 COLLATE utf8mb3_unicode_ci DEFAULT NULL,
  `userName` varchar(255) CHARACTER SET utf8mb3 COLLATE utf8mb3_unicode_ci DEFAULT NULL,
  `email` varchar(255) CHARACTER SET utf8mb3 COLLATE utf8mb3_unicode_ci DEFAULT NULL,
  `password` varchar(255) CHARACTER SET utf8mb3 COLLATE utf8mb3_unicode_ci DEFAULT NULL,
  `accountvalue` decimal(10,2) DEFAULT '10000.00',
  `portfolio` decimal(10,2) DEFAULT '0.00',
  `cheatcards` int DEFAULT NULL,
  PRIMARY KEY (`id`),
  UNIQUE KEY `userName` (`userName`)
) ENGINE=InnoDB AUTO_INCREMENT=5 DEFAULT CHARSET=utf8mb4 COLLATE=utf8mb4_0900_ai_ci;
/*!40101 SET character_set_client = @saved_cs_client */;

--
-- Dumping data for table `users`
--

LOCK TABLES `users` WRITE;
/*!40000 ALTER TABLE `users` DISABLE KEYS */;
INSERT INTO `users` VALUES (1,'Admin','Istrator','admin','admin@adm.com','test',-9827.72,0.00,3),(2,'Ute','User','uuser','uteuser@gmail.com','uteuser',10000.00,500.00,3),(3,'Test','Istrator','test','admin@adm.com','test',9723.94,0.00,3),(4,'e','e','e','e','$2b$12$th3f.PpqCEI.8fEZwKyxnOh4skAEtYXjUuMQ/o44VSZWO/QIS.pNO',9297.88,702.12,3);
/*!40000 ALTER TABLE `users` ENABLE KEYS */;
UNLOCK TABLES;

--
-- Table structure for table `watchlist`
--

DROP TABLE IF EXISTS `watchlist`;
/*!40101 SET @saved_cs_client     = @@character_set_client */;
/*!50503 SET character_set_client = utf8mb4 */;
CREATE TABLE `watchlist` (
  `id` int NOT NULL AUTO_INCREMENT,
  `userid` int DEFAULT NULL,
  `isin` varchar(12) CHARACTER SET utf8mb3 COLLATE utf8mb3_unicode_ci DEFAULT NULL,
  PRIMARY KEY (`id`)
) ENGINE=InnoDB AUTO_INCREMENT=4 DEFAULT CHARSET=utf8mb4 COLLATE=utf8mb4_0900_ai_ci;
/*!40101 SET character_set_client = @saved_cs_client */;

--
-- Dumping data for table `watchlist`
--

LOCK TABLES `watchlist` WRITE;
/*!40000 ALTER TABLE `watchlist` DISABLE KEYS */;
INSERT INTO `watchlist` VALUES (1,2,'DE0005190003'),(2,2,'DE0007236101'),(3,2,'DE0005552004');
/*!40000 ALTER TABLE `watchlist` ENABLE KEYS */;
UNLOCK TABLES;
/*!40103 SET TIME_ZONE=@OLD_TIME_ZONE */;

/*!40101 SET SQL_MODE=@OLD_SQL_MODE */;
/*!40014 SET FOREIGN_KEY_CHECKS=@OLD_FOREIGN_KEY_CHECKS */;
/*!40014 SET UNIQUE_CHECKS=@OLD_UNIQUE_CHECKS */;
/*!40101 SET CHARACTER_SET_CLIENT=@OLD_CHARACTER_SET_CLIENT */;
/*!40101 SET CHARACTER_SET_RESULTS=@OLD_CHARACTER_SET_RESULTS */;
/*!40101 SET COLLATION_CONNECTION=@OLD_COLLATION_CONNECTION */;
/*!40111 SET SQL_NOTES=@OLD_SQL_NOTES */;

-- Dump completed on 2023-01-19 22:02:56